{"accuracy": [0.09866220504045486, 0.11705685406923294, 0.12207357585430145, 0.13377925753593445, 0.18060201406478882, 0.18060201406478882, 0.19565217196941376, 0.22073578834533691, 0.25919732451438904, 0.24916388094425201, 0.3244147300720215, 0.3361203968524933, 0.34949833154678345, 0.3812709152698517, 0.4247491657733917, 0.47491639852523804, 0.5117056965827942, 0.5785953402519226, 0.5969899892807007, 0.6438127160072327, 0.6387959718704224, 0.7073578834533691, 0.7224080562591553, 0.7775919437408447, 0.785953164100647, 0.7792642116546631, 0.7993311285972595, 0.8193979859352112, 0.8678929805755615, 0.8678929805755615], "loss": [2.242821216583252, 2.1899213790893555, 2.16007661819458, 2.1223199367523193, 2.0887832641601562, 2.068279266357422, 2.036176919937134, 2.0157065391540527, 1.9663053750991821, 1.9442574977874756, 1.8957780599594116, 1.8760253190994263, 1.7872259616851807, 1.76463782787323, 1.6136841773986816, 1.4382895231246948, 1.3529528379440308, 1.1663931608200073, 1.1300452947616577, 1.0548908710479736, 0.9904769659042358, 0.8380824327468872, 0.8095714449882507, 0.6810788512229919, 0.6386067867279053, 0.6550413370132446, 0.5592754483222961, 0.5375381112098694, 0.4530646800994873, 0.39668339490890503], "val_accuracy": [0.12666666507720947, 0.14666666090488434, 0.10000000149011612, 0.18666666746139526, 0.20000000298023224, 0.2199999988079071, 0.273333340883255, 0.30000001192092896, 0.3199999928474426, 0.36000001430511475, 0.3266666531562805, 0.3733333349227905, 0.4466666579246521, 0.5600000023841858, 0.47999998927116394, 0.5600000023841858, 0.6133333444595337, 0.6333333253860474, 0.5866666436195374, 0.7200000286102295, 0.6666666865348816, 0.7133333086967468, 0.7666666507720947, 0.7599999904632568, 0.7133333086967468, 0.7666666507720947, 0.7866666913032532, 0.7666666507720947, 0.7799999713897705, 0.7866666913032532], "val_loss": [2.1877198219299316, 2.1771399974823, 2.1738598346710205, 2.115324020385742, 2.0894839763641357, 2.0590035915374756, 2.0473546981811523, 2.0245800018310547, 1.9702879190444946, 1.958052158355713, 1.8982855081558228, 1.8059605360031128, 1.8372589349746704, 1.7617549896240234, 1.6005449295043945, 1.541061520576477, 1.1818207502365112, 1.188642978668213, 1.2051039934158325, 1.0300769805908203, 0.9348413944244385, 0.9028009176254272, 0.754662275314331, 0.8927052617073059, 0.8223154544830322, 0.7406801581382751, 0.6880980134010315, 0.7918817400932312, 0.7619858980178833, 0.6288905739784241]}